Gene_set	Term	Overlap	P-value	Adjusted P-value	Old P-value	Old Adjusted P-value	Odds Ratio	Combined Score	Genes	gene_set_db
Reactome_2022	Pregnenolone Biosynthesis R-HSA-196108	3/12	9.61470532018019e-06	0.0028651821854136	0	0	96.2270531400966	1111.6357825284751	FDX2;FDXR;TSPOAP1	Reactome_2022
Reactome_2022	Metabolism Of Steroids R-HSA-8957322	5/153	0.0002272506830839186	0.0267742719370979	0	0	9.973779749899151	83.67459453440821	HELZ2;SYCP2;FDX2;FDXR;TSPOAP1	Reactome_2022
Reactome_2022	Metabolism Of Steroid Hormones R-HSA-196071	3/35	0.0002695396503734696	0.0267742719370979	0	0	27.032608695652176	222.17547061067407	FDXR;FDX2;TSPOAP1	Reactome_2022
