Gene_set	Term	Overlap	P-value	Adjusted P-value	Old P-value	Old Adjusted P-value	Odds Ratio	Combined Score	Genes	gene_set_db
Reactome_2022	Defective B3GALTL Causes PpS R-HSA-5083635	5/37	7.97198239553061e-06	0.0021214777983704	0	0	21.35560344827586	250.7057588338862	ADAMTS3;ADAMTS1;THSD7A;THBS2;ADAMTS20	Reactome_2022
Reactome_2022	O-glycosylation Of TSR Domain-Containing Proteins R-HSA-5173214	5/38	9.124635691915808e-06	0.0021214777983704	0	0	20.707419017763847	240.2999187111307	ADAMTS3;ADAMTS1;THSD7A;THBS2;ADAMTS20	Reactome_2022
Reactome_2022	Diseases Associated With O-glycosylation Of Proteins R-HSA-3906995	5/69	0.00016951739773175334	0.0262751966484217	0	0	10.660560344827584	92.5609014706904	ADAMTS3;ADAMTS1;THSD7A;THBS2;ADAMTS20	Reactome_2022
Reactome_2022	Unblocking Of NMDA Receptors, Glutamate Binding And Activation R-HSA-438066	3/21	0.0004980321677705861	0.0463169916026645	0	0	22.485260770975056	170.9969429396908	GRIN2A;ACTN2;LRRC7	Reactome_2022
Reactome_2022	Negative Regulation Of NMDA Receptor-Mediated Neuronal Transmission R-HSA-9617324	3/21	0.0004980321677705861	0.0463169916026645	0	0	22.485260770975056	170.9969429396908	GRIN2A;ACTN2;LRRC7	Reactome_2022
